{
    "Terms of Use": "Use of this registry is subject to the terms available at http://www.networkadvertising.org/optoutprotector/registry_terms.asp",
    "name": "NAI Consumer Opt Out Registry",
    "version": "1",
    "registry": [
    {
        "company": "company",
        "host": "host",
        "name": "name",
        "path": "path",
        "value": "value"
    }, {
        "company": "[x+1]",
        "host": ".edge.ru4.com",
        "name": "ru4.optout",
        "path": "/",
        "value": "true"
    }, {
        "company": "[x+1]",
        "host": ".ru4.com",
        "name": "X1ID",
        "path": "/",
        "value": "OO-00000000000000000"
    }, {
        "company": "[x+1]",
        "host": ".ru4.com",
        "name": "X1ID",
        "path": "/",
        "value": "OO-00000000000000000"
    }, {
        "company": "247 Realmedia",
        "host": ".realmedia.com",
        "name": "RMOPTOUT",
        "path": "/",
        "value": "3"
    }, {
        "company": "33Across",
        "host": ".33across.com",
        "name": "33x_nc",
        "path": "/",
        "value": "33Across+Optout"
    }, {
        "company": "aCerno",
        "host": ".imiclk.com",
        "name": "IMI",
        "path": "/",
        "value": "OPT_OUT"
    }, {
        "company": "aCerno",
        "host": ".imiclk.com",
        "name": "OL8U",
        "path": "/",
        "value": "0"
    }, {
        "company": "Adara (Opinmind)",
        "host": ".yieldoptimizer.com",
        "name": "om_optout",
        "path": "/",
        "value": "1"
    }, {
        "company": "AdBrite",
        "host": ".adbrite.com",
        "name": "untarget",
        "path": "/",
        "value": "1"
    }, {
        "company": "Adchemy",
        "host": ".adchemy.com",
        "name": "adc_optout",
        "path": "/",
        "value": "opted_out"
    }, {
        "company": "Adconion",
        "host": ".amgdgt.com",
        "name": "OO",
        "path": "/",
        "value": "OptOut"
    }, {
        "company": "Adify",
        "host": ".afy11.net",
        "name": "a",
        "path": "/",
        "value": "AAAAAAAAAAAAAAAAAAAAAA"
    }, {
        "company": "AdMeld",
        "host": ".tag.admeld.com",
        "name": "admeld_opt_out",
        "path": "/",
        "value": "true"
    }, {
        "company": "Aggregate Knowledge",
        "host": ".aggregateknowledge.com",
        "name": "uuid",
        "path": "/",
        "value": "OPTOUT"
    }, {
        "company": "Akamai",
        "host": ".abmr.net",
        "name": "AOOC",
        "path": "/",
        "value": "1"
    }, {
        "company": "AlmondNet",
        "host": ".pro-market.net",
        "name": "optout",
        "path": "/",
        "value": "0+0+0"
    }, {
        "company": "AOL Advertising",
        "host": ".advertising.com",
        "name": "ACID",
        "path": "/",
        "value": "optout!"
    }, {
        "company": "AOL Advertising",
        "host": ".tacoda.net",
        "name": "TID",
        "path": "/",
        "value": "tacodaamoptout"
    }, {
        "company": "AOL Advertising",
        "host": ".atwola.com",
        "name": "atdses",
        "path": "/",
        "value": "O"
    }, {
        "company": "AOL Advertising",
        "host": ".adsonar.com",
        "name": "oo_flag",
        "path": "/",
        "value": "t"
    }, {
        "company": "AudienceScience",
        "host": ".revsci.net",
        "name": "NETID01",
        "path": "/",
        "value": "optout"
    }, {
        "company": "Bizo",
        "host": ".bizographics.com",
        "name": "BizographicsOptOut",
        "path": "/",
        "value": "OPT_OUT"
    }, {
        "company": "BlueKai Inc.",
        "host": ".bluekai.com",
        "name": "BKIgnore",
        "path": "/",
        "value": "1"
    }, {
        "company": "BrightRoll",
        "host": ".btrll.com",
        "name": "id",
        "path": "/",
        "value": "OPT_OUT"
    }, {
        "company": "Brilig",
        "host": ".brilig.com",
        "name": "BriligContact",
        "path": "/contact/",
        "value": "OPT_OUT"
    }, {
        "company": "Burst",
        "host": ".burstnet.com",
        "name": "BOO",
        "path": "/",
        "value": "opt-out"
    }, {
        "company": "Buysight (Permuto)",
        "host": ".pulsemgr.com",
        "name": "p",
        "path": "/",
        "value": "OPTOUT"
    }, {
        "company": "Casale Media",
        "host": ".casalemedia.com",
        "name": "CMO",
        "path": "/",
        "value": "2"
    }, {
        "company": "Clearspring",
        "host": ".addthis.com",
        "name": "uid",
        "path": "/",
        "value": "0000000000000000"
    }, {
        "company": "Cognitive Match",
        "host": ".cmads.com.tw",
        "name": "naiOptout",
        "path": "/",
        "value": "cm"
    }, {
        "company": "Cognitive Match",
        "host": ".cmadsasia.com",
        "name": "naiOptout",
        "path": "/",
        "value": "cm"
    }, {
        "company": "Cognitive Match",
        "host": ".cmadseu.com",
        "name": "naiOptout",
        "path": "/",
        "value": "cm"
    }, {
        "company": "Cognitive Match",
        "host": ".cognitivematch.com",
        "name": "naiOptout",
        "path": "/",
        "value": "cm"
    }, {
        "company": "Collective Media",
        "host": ".collective-media.net",
        "name": "optout",
        "path": "/",
        "value": "1"
    }, {
        "company": "Criteo",
        "host": ".criteo.com",
        "name": "optout",
        "path": "/",
        "value": "1"
    }, {
        "company": "Cross Pixel Media",
        "host": ".crosspixel.net",
        "name": "OPTOUT",
        "path": "/",
        "value": "1"
    }, {
        "company": "Dapper",
        "host": ".admonkey.dapper.net",
        "name": "DAPPEROPTOUT2",
        "path": "/",
        "value": "OPT-OUT"
    }, {
        "company": "DataLogix",
        "host": ".nexac.com",
        "name": "na_id",
        "path": "/",
        "value": "ignore"
    }, {
        "company": "DataXu",
        "host": ".w55c.net",
        "name": "optout",
        "path": "/",
        "value": "1"
    }, {
        "company": "Dedicated (AppNexus)",
        "host": ".adnxs.com",
        "name": "uuid2",
        "path": "/",
        "value": "-1"
    }, {
        "company": "Dotomi",
        "host": ".dotomi.com",
        "name": "DotomiStatus",
        "path": "/",
        "value": "5"
    }, {
        "company": "Doubleclick",
        "host": ".doubleclick.net",
        "name": "id",
        "path": "/",
        "value": "OPT_OUT"
    }, {
        "company": "eXelate",
        "host": ".exelator.com",
        "name": "DNP",
        "path": "/",
        "value": "eXelate+OptOut"
    }, {
        "company": "eXelate",
        "host": "load.exelator.com",
        "name": "DNP",
        "path": "/load/",
        "value": "eXelate+OptOut"
    }, {
        "company": "Fetchback",
        "host": ".fetchback.com",
        "name": "opt",
        "path": "/",
        "value": "1"
    }, {
        "company": "Fox",
        "host": ".opt.fimserve.com",
        "name": "UI",
        "path": "/",
        "value": "|"
    }, {
        "company": "Fox",
        "host": ".fimserve.com",
        "name": "NAI",
        "path": "/",
        "value": "1"
    }, {
        "company": "Glam",
        "host": ".glam.com",
        "name": "optout",
        "path": "/",
        "value": "1"
    }, {
        "company": "I-Behavior",
        "host": "optout.ib-ibi.com",
        "name": "ib-ibi.com-OptOut",
        "path": "/",
        "value": "IsOptOut=true"
    }, {
        "company": "Interclick",
        "host": ".interclick.com",
        "name": "Opt",
        "path": "/",
        "value": "out"
    }, {
        "company": "Invite Media",
        "host": ".invitemedia.com",
        "name": "optout",
        "path": "/",
        "value": "*"
    }, {
        "company": "Lotame",
        "host": ".crwdcntrl.net",
        "name": "cc",
        "path": "/",
        "value": "optout"
    }, {
        "company": "Magnetic",
        "host": "domdex.com",
        "name": "optout",
        "path": "/",
        "value": "1"
    }, {
        "company": "Media6Degrees",
        "host": ".media6degrees.com",
        "name": "orboptout",
        "path": "/",
        "value": "2-1"
    }, {
        "company": "Media6Degrees",
        "host": ".media6degrees.com",
        "name": "orboptout",
        "path": "/",
        "value": "2-2"
    }, {
        "company": "Mediamath",
        "host": ".mathtag.com",
        "name": "optout",
        "path": "/",
        "value": "1"
    }, {
        "company": "Mediamath",
        "host": ".action.mathtag.com",
        "name": "optout",
        "path": "/",
        "value": "1"
    }, {
        "company": "MediaMind",
        "host": ".serving-sys.com",
        "name": "ebOptOut",
        "path": "/",
        "value": "TRUE"
    }, {
        "company": "Mediaplex",
        "host": ".mediaplex.com",
        "name": "svid",
        "path": "/",
        "value": "OPT-OUT"
    }, {
        "company": "Microsoft (Atlas)",
        "host": ".atdmt.com",
        "name": "ID",
        "path": "/",
        "value": "optout"
    }, {
        "company": "Microsoft (Atlas)",
        "host": ".atdmt.com",
        "name": "TOptOut",
        "path": "/",
        "value": "1"
    }, {
        "company": "Microsoft (Bing.com)",
        "host": ".bing.com",
        "name": "TOptOut",
        "path": "/",
        "value": "1"
    }, {
        "company": "Microsoft (Live.com)",
        "host": ".live.com",
        "name": "TOptOut",
        "path": "/",
        "value": "1"
    }, {
        "company": "Microsoft (Microsoft.com)",
        "host": ".microsoft.com",
        "name": "TOptOut",
        "path": "/",
        "value": "1"
    }, {
        "company": "Microsoft (MSN)",
        "host": ".msn.com",
        "name": "TOptOut",
        "path": "/",
        "value": "1"
    }, {
        "company": "Mindset Media LLC",
        "host": ".mmismm.com",
        "name": "G",
        "path": "/",
        "value": "-1"
    }, {
        "company": "Netmining",
        "host": ".netmng.com",
        "name": "EVO5_OPT",
        "path": "/",
        "value": "%BC%9F%A5%AF%05%98%88%A39%C1%3C%CC%8EB%B0%FF%FCU%A4f%E8%9B%BA%CA%00t%7E%14%01%C2%03%E8"
    }, {
        "company": "Netmining",
        "host": ".netmng.com",
        "name": "EVO5_OPT",
        "path": "/",
        "value": "1"
    }, {
        "company": "OwnerIQ",
        "host": ".owneriq.net",
        "name": "optout",
        "path": "/",
        "value": "optout"
    }, {
        "company": "Pulse360",
        "host": ".pulse360.com",
        "name": "pulse360-opt-out",
        "path": "/",
        "value": "1"
    }, {
        "company": "Quantserve",
        "host": ".quantserve.com",
        "name": "qoo",
        "path": "/",
        "value": "OPT_OUT"
    }, {
        "company": "RadiumOne",
        "host": ".gwallet.com",
        "name": "ra1_oo",
        "path": "/",
        "value": "1"
    }, {
        "company": "Red Aril",
        "host": ".raasnet.com",
        "name": "o",
        "path": "/",
        "value": "9"
    }, {
        "company": "RichRelevance",
        "host": ".richrelevance.com",
        "name": "prooc",
        "path": "/",
        "value": "true"
    }, {
        "company": "Rocket Fuel",
        "host": ".rfihub.com",
        "name": "a",
        "path": "/",
        "value": "cOPT_OUT"
    }, {
        "company": "Specific Media",
        "host": ".specificmedia.com",
        "name": "ADVIVA",
        "path": "/",
        "value": "NOTRACK"
    }, {
        "company": "Specific Media",
        "host": ".adviva.net",
        "name": "ADVIVA",
        "path": "/",
        "value": "NOTRACK"
    }, {
        "company": "Specific Media",
        "host": ".specificclick.net",
        "name": "ADVIVA",
        "path": "/",
        "value": "NOTRACK"
    }, {
        "company": "TARGUSInfo",
        "host": ".adadvisor.net",
        "name": "id",
        "path": "/",
        "value": "opt-out"
    }, {
        "company": "TARGUSInfo",
        "host": ".adadvisor.net",
        "name": "aa",
        "path": "/",
        "value": "opt-out"
    }, {
        "company": "Tidal TV",
        "host": ".tidaltv.com",
        "name": "opt-out",
        "path": "/",
        "value": "true"
    }, {
        "company": "Traffic Marketplace",
        "host": ".trafficmp.com",
        "name": "naiopt",
        "path": "/",
        "value": "out"
    }, {
        "company": "Tribal Fusion",
        "host": ".tribalfusion.com",
        "name": "ANON_ID",
        "path": "/",
        "value": "OptOut"
    }, {
        "company": "Tumri",
        "host": ".tumri.net",
        "name": "t_opt",
        "path": "/",
        "value": "OPT-OUT"
    }, {
        "company": "Tumri",
        "host": ".yt1187.net",
        "name": "t_opt",
        "path": "/",
        "value": "OPT-OUT"
    }, {
        "company": "Turn",
        "host": ".turn.com",
        "name": "optOut",
        "path": "/",
        "value": "1"
    }, {
        "company": "Undertone",
        "host": "ads.undertone.com",
        "name": "UTOPTOUT",
        "path": "/",
        "value": "OPTOUT"
    }, {
        "company": "ValueClick Media",
        "host": ".fastclick.net",
        "name": "fastclick",
        "path": "/",
        "value": "optout"
    }, {
        "company": "Vibrant",
        "host": ".intellitxt.com",
        "name": "ITXTCtxtHistOff",
        "path": "/",
        "value": "1"
    }, {
        "company": "Wall Street On Demand",
        "host": "ad.wsod.com",
        "name": "u",
        "path": "/",
        "value": "OPT_OUT"
    }, {
        "company": "XGraph",
        "host": ".xgraph.net",
        "name": "XG_OPT_OUT",
        "path": "/",
        "value": "OPTOUT"
    }, {
        "company": "Yahoo",
        "host": ".yahoo.com",
        "name": "AO",
        "path": "/",
        "value": "o=1"
    }, {
        "company": "YuMe",
        "host": ".yumenetworks.com",
        "name": "ymoo",
        "path": "/",
        "value": "true"
    }],
    "message": {
        "version": "8",
        "uri": "http://www.networkadvertising.org/optoutprotector/updates.asp"
    }
}
