{
    "Terms of Use": "Use of this registry is subject to the terms available at http://www.networkadvertising.org/optoutprotector/registry_terms.asp",
    "name": "NAI Consumer Opt Out Registry",
    "version": "1",
    "registry": [
    {
        "path": "path",
        "company": "company",
        "host": "host",
        "value": "value",
        "name": "name"
    }, {
        "path": "/",
        "company": "[x+1]",
        "host": ".edge.ru4.com",
        "value": "true",
        "name": "ru4.optout"
    }, {
        "path": "/",
        "company": "247 Realmedia",
        "host": ".realmedia.com",
        "value": "3",
        "name": "RMOPTOUT"
    }, {
        "path": "/",
        "company": "33Across",
        "host": ".33across.com",
        "value": "opt-out",
        "name": "33x_nc"
    }, {
        "path": "/",
        "company": "aCerno",
        "host": ".imiclk.com",
        "value": "OPT_OUT",
        "name": "IMI"
    }, {
        "path": "/",
        "company": "aCerno",
        "host": ".imiclk.com",
        "value": "0",
        "name": "OL8U"
    }, {
        "path": "/",
        "company": "AdBrite",
        "host": ".adbrite.com",
        "value": "1",
        "name": "untarget"
    }, {
        "path": "/",
        "company": "Adchemy",
        "host": ".adchemy.com",
        "value": "opted_out",
        "name": "adc_optout"
    }, {
        "path": "/",
        "company": "Adconion",
        "host": ".amgdgt.com",
        "value": "OptOut",
        "name": "OO"
    }, {
        "path": "/",
        "company": "Adify",
        "host": ".afy11.net",
        "value": "AAAAAAAAAAAAAAAAAAAAAA",
        "name": "a"
    }, {
        "path": "/",
        "company": "AdMeld",
        "host": ".tag.admeld.com",
        "value": "true",
        "name": "admeld_opt_out"
    }, {
        "path": "/",
        "company": "Aggregate Knowledge",
        "host": ".aggregateknowledge.com",
        "value": "OPTOUT",
        "name": "uuid"
    }, {
        "path": "/",
        "company": "Akamai",
        "host": ".abmr.net",
        "value": "1",
        "name": "AOOC"
    }, {
        "path": "/",
        "company": "AlmondNet",
        "host": ".pro-market.net",
        "value": "0+0+0",
        "name": "optout"
    }, {
        "path": "/",
        "company": "AOL Advertising",
        "host": ".advertising.com",
        "value": "optout!",
        "name": "ACID"
    }, {
        "path": "/",
        "company": "AOL Advertising",
        "host": ".tacoda.net",
        "value": "tacodaamoptout",
        "name": "TID"
    }, {
        "path": "/",
        "company": "AOL Advertising",
        "host": ".atwola.com",
        "value": "O",
        "name": "atdses"
    }, {
        "path": "/",
        "company": "AOL Advertising",
        "host": ".adsonar.com",
        "value": "t",
        "name": "oo_flag"
    }, {
        "path": "/",
        "company": "AudienceScience",
        "host": ".revsci.net",
        "value": "optout",
        "name": "NETID01"
    }, {
        "path": "/",
        "company": "Bizo",
        "host": ".bizographics.com",
        "value": "OPT_OUT",
        "name": "BizographicsOptOut"
    }, {
        "path": "/",
        "company": "BlueKai Inc.",
        "host": ".bluekai.com",
        "value": "1",
        "name": "BKIgnore"
    }, {
        "path": "/contact/",
        "company": "Brilig",
        "host": "p.brilig.com",
        "value": "OPT_OUT",
        "name": "BriligContact"
    }, {
        "path": "/",
        "company": "Burst",
        "host": ".burstnet.com",
        "value": "opt-out",
        "name": "BOO"
    }, {
        "path": "/",
        "company": "Casale Media",
        "host": ".casalemedia.com",
        "value": "2",
        "name": "CMO"
    }, {
        "path": "/",
        "company": "Collective Media",
        "host": ".collective-media.net",
        "value": "1",
        "name": "optout"
    }, {
        "path": "/",
        "company": "Criteo",
        "host": ".criteo.com",
        "value": "1",
        "name": "optout"
    }, {
        "path": "/",
        "company": "Dapper",
        "host": ".admonkey.dapper.net",
        "value": "OPT-OUT",
        "name": "DAPPEROPTOUT2"
    }, {
        "path": "/",
        "company": "DataXu",
        "host": ".w55c.net",
        "value": "1",
        "name": "optout"
    }, {
        "path": "/",
        "company": "Dotomi",
        "host": ".dotomi.com",
        "value": "5",
        "name": "DotomiStatus"
    }, {
        "path": "/",
        "company": "Doubleclick",
        "host": ".doubleclick.net",
        "value": "OPT_OUT",
        "name": "id"
    }, {
        "path": "/",
        "company": "eXelate",
        "host": ".exelator.com",
        "value": "eXelate+OptOut",
        "name": "DNP"
    }, {
        "path": "/load/",
        "company": "eXelate",
        "host": "load.exelator.com",
        "value": "eXelate+OptOut",
        "name": "DNP"
    }, {
        "path": "/",
        "company": "Fetchback",
        "host": ".fetchback.com",
        "value": "1",
        "name": "opt"
    }, {
        "path": "/",
        "company": "Fox",
        "host": ".fimserve.com",
        "value": "1",
        "name": "NAI"
    }, {
        "path": "/",
        "company": "Glam Media",
        "host": ".glam.com",
        "value": "1",
        "name": "optout"
    }, {
        "path": "/",
        "company": "I-Behavior",
        "host": "optout.ib-ibi.com",
        "value": "IsOptOut=true",
        "name": "ib-ibi.com-OptOut"
    }, {
        "path": "/",
        "company": "Interclick",
        "host": ".interclick.com",
        "value": "out",
        "name": "Opt"
    }, {
        "path": "/",
        "company": "Invite Media",
        "host": ".invitemedia.com",
        "value": "*",
        "name": "optout"
    }, {
        "path": "/",
        "company": "Lotame",
        "host": ".crwdcntrl.net",
        "value": "optout",
        "name": "cc"
    }, {
        "path": "/",
        "company": "Media6Degrees",
        "host": ".media6degrees.com",
        "value": "2-2",
        "name": "orboptout"
    }, {
        "path": "/",
        "company": "Mediamath",
        "host": ".mathtag.com",
        "value": "1",
        "name": "optout"
    }, {
        "path": "/",
        "company": "Mediamath",
        "host": ".action.mathtag.com",
        "value": "1",
        "name": "optout"
    }, {
        "path": "/",
        "company": "Mediaplex",
        "host": ".mediaplex.com",
        "value": "OPT-OUT",
        "name": "svid"
    }, {
        "path": "/",
        "company": "Microsoft (Atlas)",
        "host": ".atdmt.com",
        "value": "optout",
        "name": "ID"
    }, {
        "path": "/",
        "company": "Microsoft (Atlas)",
        "host": ".atdmt.com",
        "value": "1",
        "name": "TOptOut"
    }, {
        "path": "/",
        "company": "Microsoft (Bing.com)",
        "host": ".bing.com",
        "value": "1",
        "name": "TOptOut"
    }, {
        "path": "/",
        "company": "Microsoft (Live.com)",
        "host": ".live.com",
        "value": "1",
        "name": "TOptOut"
    }, {
        "path": "/",
        "company": "Microsoft (MSN)",
        "host": ".msn.com",
        "value": "1",
        "name": "TOptOut"
    }, {
        "path": "/",
        "company": "Mindset Media LLC",
        "host": ".mmismm.com",
        "value": "-1",
        "name": "G"
    }, {
        "path": "/",
        "company": "Netmining",
        "host": ".netmng.com",
        "value": "%BC%9F%A5%AF%05%98%88%A39%C1%3C%CC%8EB%B0%FF%FCU%A4f%E8%9B%BA%CA%00t%7E%14%01%C2%03%E8",
        "name": "EVO5_OPT"
    }, {
        "path": "/",
        "company": "NextAction",
        "host": ".nexac.com",
        "value": "ignore",
        "name": "na_id"
    }, {
        "path": "/",
        "company": "Opinmind (now Adara)",
        "host": ".yieldoptimizer.com",
        "value": "1",
        "name": "om_optout"
    }, {
        "path": "/",
        "company": "OwnerIQ",
        "host": ".owneriq.net",
        "value": "optout",
        "name": "optout"
    }, {
        "path": "/",
        "company": "Permuto",
        "host": ".pulsemgr.com",
        "value": "OPTOUT",
        "name": "p"
    }, {
        "path": "/",
        "company": "Quantserve",
        "host": ".quantserve.com",
        "value": "OPT_OUT",
        "name": "qoo"
    }, {
        "path": "/",
        "company": "Red Aril",
        "host": ".raasnet.com",
        "value": "9",
        "name": "o"
    }, {
        "path": "/",
        "company": "Rocket Fuel",
        "host": ".rfihub.com",
        "value": "cOPT_OUT",
        "name": "a"
    }, {
        "path": "/",
        "company": "Rocket Fuel",
        "host": ".rfihub.com",
        "value": "cOPT_OUT",
        "name": "j"
    }, {
        "path": "/",
        "company": "RichRelevance",
        "host": "recs.richrelevance.com",
        "value": "true",
        "name": "prooc"
    }, {
        "path": "/",
        "company": "Safecount",
        "host": ".questionmarket.com",
        "value": "OPTOUT_",
        "name": "ST"
    }, {
        "path": "/",
        "company": "Specific Media",
        "host": ".specificmedia.com",
        "value": "NOTRACK",
        "name": "ADVIVA"
    }, {
        "path": "/",
        "company": "Specific Media",
        "host": ".adviva.net",
        "value": "NOTRACK",
        "name": "ADVIVA"
    }, {
        "path": "/",
        "company": "Specific Media",
        "host": ".specificclick.net",
        "value": "NOTRACK",
        "name": "ADVIVA"
    }, {
        "path": "/",
        "company": "TARGUSInfo",
        "host": ".adadvisor.net",
        "value": "opt-out",
        "name": "id"
    }, {
        "path": "/",
        "company": "TARGUSInfo",
        "host": ".adadvisor.net",
        "value": "opt-out",
        "name": "aa"
    }, {
        "path": "/",
        "company": "Tidal TV",
        "host": ".tidaltv.com",
        "value": "true",
        "name": "opt-out"
    }, {
        "path": "/",
        "company": "Traffic Marketplace",
        "host": ".trafficmp.com",
        "value": "out",
        "name": "naiopt"
    }, {
        "path": "/",
        "company": "Tribal Fusion",
        "host": ".tribalfusion.com",
        "value": "OptOut",
        "name": "ANON_ID"
    }, {
        "path": "/",
        "company": "Tumri",
        "host": ".tumri.net",
        "value": "OPT-OUT",
        "name": "t_opt"
    }, {
        "path": "/",
        "company": "Tumri",
        "host": ".yt1187.net",
        "value": "OPT-OUT",
        "name": "t_opt"
    }, {
        "path": "/",
        "company": "Turn",
        "host": ".turn.com",
        "value": "1",
        "name": "optOut"
    }, {
        "path": "/",
        "company": "Undertone",
        "host": "ads.undertone.com",
        "value": "OPTOUT",
        "name": "UTOPTOUT"
    }, {
        "path": "/",
        "company": "ValueClick Media",
        "host": ".fastclick.net",
        "value": "optout",
        "name": "fastclick"
    }, {
        "path": "/",
        "company": "Vibrant",
        "host": ".intellitxt.com",
        "value": "1",
        "name": "ITXTCtxtHistOff"
    }, {
        "path": "/",
        "company": "Wall Street On Demand",
        "host": "ad.wsod.com",
        "value": "OPT_OUT",
        "name": "u"
    }, {
        "path": "/",
        "company": "XGraph",
        "host": ".xgraph.net",
        "value": "OPTOUT",
        "name": "XG_OPT_OUT"
    }, {
        "path": "/",
        "company": "Yahoo",
        "host": ".yahoo.com",
        "value": "o=1",
        "name": "AO"
    }, {
        "path": "/",
        "company": "YuMe",
        "host": ".yumenetworks.com",
        "value": "true",
        "name": "ymoo"
    }],
    "message": {
        "version": "5",
        "uri": "http://www.networkadvertising.org/optoutprotector/updates.asp"
    }
}
